pair_id,routing_policy,hops,distance_km,delay_ms,jitter_ms,qae_compute_ms,qaoa_compute_ms,qkd_overhead_ms,end_to_end_ms
1,risk,15,18894.041830533733,64.8695436181658,0.04894466849598594,14.249635596066703,3.907190830326899,0.0034858441870729284,83.07880055724247
2,risk,8,9411.195388937202,32.311770835351055,0.09528477750355827,6.625056758694123,9.310893361407912,0.003714705274645635,48.346720438231294
3,risk,15,19900.158779292753,68.32387847557179,0.12805086299388574,11.92574041574801,6.590241358568115,0.0030921322642401762,86.97100324514605
4,risk,4,4502.604601850897,15.458942466354747,0.1588503335082081,8.11475637707338,7.26304603746097,0.003439382872991196,30.9990345972703
5,risk,15,14387.472372329794,49.3969884783323,0.1162715016146067,11.085763923031516,3.682327159066192,0.002685521587134039,64.28403658363175
6,latency,5,4795.359744949982,14.705769884513279,0.0579866351575705,17.319756912846877,5.148547102069245,0.002708754263357453,37.23476928885033
7,latency,13,13691.166634751926,41.986244346572576,0.04687621182947012,10.27358343027099,6.370839680624424,0.0027588099511946947,58.68030247924865
8,latency,12,15390.247539979853,47.19675912260489,0.040585623033430974,8.812052716686157,3.0938694127052977,0.003637119524766577,59.14690399455454
9,baseline,12,10838.044201775794,36.126814005919314,0.05089045730844128,6.43698517223887,7.7738511953479446,0.0035093811988315456,50.3920502120134
10,baseline,4,5555.586241388396,18.51862080462799,0.04004941310843771,8.192159753798313,3.7409957337903577,0.0036994447611169534,30.495525150086216
11,latency,13,15235.095044282243,46.72095813579888,0.09510538475337345,5.6997214115997155,2.8207369919735656,0.003380426710333595,55.33990235083588
12,risk,4,4757.056099828888,16.332559276079188,0.045580718151587304,9.153260183703027,3.805483452371068,0.0026181138559998054,29.33950174416087
13,baseline,10,13102.901035417673,43.67633678472558,0.06855653795023464,6.3705063725214215,3.665273299265198,0.0026887734324291175,53.78336176789486
14,baseline,8,9000.741922994146,30.002473076647153,0.07657277848311915,7.318986898213612,2.471843254352314,0.003759261768638586,39.873635269464835
15,latency,9,11515.4093001734,35.3139218538651,0.07974294863135316,6.25253400235598,5.629357146178942,0.003777011661556112,47.279332962692926
16,risk,2,2617.841085416764,8.98792105993089,0.06093371573327592,6.148461549261377,8.431661148110717,0.0016141213350805274,23.63059159437134
17,risk,10,12553.297375002017,43.099654320840266,0.09485729269429048,8.283448892309845,5.306727640478362,0.003977285096137793,56.78866543141891
18,risk,7,8412.993372539666,28.884610579052854,0.08443604934131224,12.372985701568254,4.297128397576256,0.003574658481622207,45.642735386020306
19,baseline,4,5310.574097200561,17.7019136573352,0.0854919806582319,6.4885926530382685,2.5867096926530713,0.003276202622125631,26.865984186306896
20,baseline,14,17237.067514543054,57.45689171514351,0.0695991822040991,10.130810405496273,4.448943577465634,0.005,72.11124488030953
21,risk,7,8448.683290370038,29.007145963603797,0.04175358205085293,8.201822163726588,8.70865951525707,0.0034686330185032936,45.96284985765681
22,risk,7,6781.275683549136,23.282379846852034,0.07873366820777278,12.592466093751007,4.634699218410128,0.002871100406814763,40.591149927627754
23,baseline,7,9034.910042246167,30.11636680748722,0.08282500911326122,6.747110371827044,3.1420909689152254,0.003172126007081452,40.09156528334983
24,risk,4,5135.8633600171825,17.633130869392325,0.037312655670670145,8.68456674792914,6.144915125593123,0.0029317858289222326,32.50285718441418
25,baseline,13,16063.778983764503,53.545929945881674,0.0655377668570513,10.317434199989444,7.167182132400414,0.0021110954522249,71.0981951405808
26,risk,10,8582.145612836492,29.465366604071953,0.08480661086368978,17.64967504587407,3.9673313839959143,0.0037263154946769288,51.1709059603003
27,risk,15,18754.662588464726,64.39100822039556,0.07443989835912654,7.304612503676127,6.576405228334839,0.0042206643047416345,78.3506865150704
28,risk,15,19264.765644749954,66.14236204697484,0.048181128448742894,10.376342532298676,8.016996340059274,0.003956506427345087,84.58783855420889
29,baseline,2,2430.7775188390724,8.102591729463576,0.031051222266614546,12.57092194963168,2.577613996156601,0.004504617244028504,23.286683514762498
30,latency,11,11883.721772411278,36.44341343539459,0.06650624096147245,8.47220405728475,5.705047104799116,0.0032741031072337787,50.690444941547156
31,risk,9,12032.831374440066,41.31272105224423,0.07011595451061109,15.18784266199472,4.4255213940958225,0.0026219440184721884,60.99882300686386
32,risk,8,9035.996567312091,31.02358821443818,0.06589780334350875,10.076641201091498,4.825601943554806,0.002954334023493269,45.994683496451486
33,baseline,6,7117.183979075906,23.723946596919685,0.061394153882105174,6.430936862166406,5.7695808105230535,0.004517434595155888,35.99037585808641
34,latency,11,12624.309493196626,38.714549112469655,0.030334901079851373,6.155226594795238,4.2055921648064345,0.0036260545683044487,49.10932882771949
35,latency,7,8149.467545412947,24.991700472599707,0.08487349145839211,7.739721217640909,4.9316063828624825,0.0047246033412580045,37.75262616790275
36,risk,2,2544.0259677216377,8.734489155844292,0.07773367988101759,13.38571072760253,5.995145558451872,0.004538434481809193,28.19761755626152
37,latency,11,12635.822394746963,38.749855343890694,0.11585422420189112,8.616220246524431,4.027061974615163,0.0037973993883108387,51.512789188620495
38,risk,9,12093.280053593364,41.52026151733722,0.042579973172520026,20.246006895094304,9.115219918876388,0.002422586748716582,70.92649089122915
39,risk,7,7948.082667685077,27.2884171590521,0.08398955898886269,11.495382624609787,3.4961669326828164,0.0026446284236205245,42.36660090375718
40,risk,9,10976.606808118884,37.686350041208165,0.05467239134057618,8.95859849482972,4.044557644911975,0.0035225345695715357,50.747701106860006
41,latency,6,7276.215420791066,22.313727290425938,0.03932882552657696,12.195711934362395,4.182280859308771,0.0029985080357508376,38.73404741765943
42,baseline,12,14017.971586637499,46.72657195545833,0.04034835574082624,6.952654556511508,3.373497493669487,0.00448666048239928,57.09755902186255
43,latency,7,9033.122340007698,27.701575176023606,0.045005406083240225,7.424752693947293,3.3924471453974183,0.0019145555128193287,38.56569497696438
44,latency,4,4673.883943408301,14.33324409311879,0.05160501923953371,7.859276337431379,7.664429024087339,0.00333011796492593,29.911884591841968
45,latency,9,10170.081692963673,31.188250525088595,0.05244244270914683,5.399339990309809,8.67848312474489,0.004256728361164873,45.3227728112136
46,latency,3,3591.6068155960247,11.014260901161142,0.05454003098574816,4.051391127949073,10.580572216850122,0.0036867818013514866,25.704451058747438
47,risk,4,5340.574597730132,18.33597278554012,0.06383194299183333,9.33975282329245,3.649238376595471,0.0022069027277828186,31.391002831147652
48,risk,9,12180.573135749171,41.819967766072146,0.052705071722023586,8.893505689394363,2.7385719138343894,0.003095946273271196,53.50784638729619
49,risk,11,14723.342190252522,50.550141519867,0.027407483162088363,9.714601445792248,4.615337215994529,0.003408243675724761,64.91089590849158
50,baseline,6,8064.6742499321845,26.88224749977395,0.046631186060980406,12.02901438562724,8.007058082462974,0.002640275641531427,46.96759142956668
51,risk,8,9277.092192343998,31.851349860381063,0.039619068851683134,7.448195237207493,2.927578687065732,0.004499058072766502,42.27124191157874
52,baseline,12,14673.432224360853,48.91144074786951,0.07887605078089308,12.058711848894665,5.34545018558808,0.0019864171635830437,66.39646525029673
53,latency,4,5238.222795701087,16.063883240150002,0.0575487472586066,11.604665478128993,7.870325789858446,0.003975806797734448,35.60039906219378
54,risk,12,15184.464867519247,52.133329378482756,0.04592955290916791,9.215006494222687,5.416362925713946,0.0032207563477824226,66.81384910767633
55,latency,4,4534.424104983706,13.905567255283362,0.05517354929031156,7.326622915758652,8.506072555686204,0.0029396921043004236,29.79637596812283
56,risk,7,7002.618576654987,24.04232377984879,0.048031947396419805,7.59874848930755,3.8679175729070394,0.002727780577485113,35.55974957003728
57,latency,15,15647.927552267643,47.9869778269541,0.04004025219216923,9.219952183189909,5.692976836318533,0.0037971635926321093,62.94374426224735
58,latency,13,16706.49436278418,51.23324937920482,0.07117440281254347,8.07487309975727,2.8618665863949344,0.003888783413817118,62.24505225158338
59,risk,15,16463.31251901026,56.524039648601885,0.05873477861273384,9.29244244485406,2.635679316656029,0.004326557686155575,68.51522274641086
60,latency,11,12907.165574000266,39.58197442693415,0.03654273560571673,6.224317291879252,2.9584071866566326,0.004035434651870883,48.805277075727616
61,latency,2,2227.639537325418,6.831427914464616,0.01809342056695348,21.362108118606827,3.5171523670947726,0.002430796028944768,31.731212616762114
62,baseline,9,11485.277773744778,38.284259245815925,0.03617240638212974,10.851142088579076,5.78225410607812,0.002384334479522369,54.95621218133477
63,risk,7,7502.285298524939,25.757846191602294,0.062207991393391615,11.349080761619042,3.6954443844862,0.003117304187233653,40.86769663328816
64,risk,4,5486.230402686376,18.836057715889893,0.05839573878388734,10.278660481095079,6.391853269315662,0.0036052482344066093,35.56857245331893
65,latency,2,2712.3702250693427,8.317935356879318,0.0686753758729416,6.511696302007888,3.6840098464222755,0.004303596106338109,18.58662047728876
66,latency,2,1970.8586932471899,6.0439666592913825,0.1272731880438584,7.3244149730836074,4.451202894911016,0.004084885286453384,17.95094260061632
67,latency,2,2200.0184429346546,6.746723224999608,0.06336404145585879,7.388857566806407,4.546960169175011,0.0048233045050035915,18.750728306941888
68,latency,5,6538.0082713869415,20.04989203225329,0.056520723544488206,8.447062959058034,5.72946985916312,0.004489245423031083,34.28743481944196
69,latency,13,14097.142775859687,43.231237845969716,0.08996802264566243,10.356629709531493,2.8238215158850735,0.0032768196382176274,56.50493391367016
70,risk,9,12190.385273842034,41.853656106857656,0.06209429106669411,13.626006168012712,7.395834266538435,0.003218768246536306,62.940809600722034
71,latency,15,20057.82922254496,61.5106762824712,0.0670982624802505,8.9837591048871,10.50295231735574,0.0030164258250712154,81.06750239301935
72,latency,5,5043.165959171342,15.465708941458784,0.08391060663149048,5.317529995182936,6.979311265066316,0.0038690898470144187,27.85032989818654
73,risk,12,13668.175248695366,46.92740168718743,0.06010604480970421,5.465160423856312,6.234353692710603,0.005,58.69202184856405
74,baseline,10,13575.9650154471,45.253216718157006,0.05317612543341244,12.537887806421304,2.8174679222270953,0.004275472203695879,60.66602404444251
75,baseline,7,8674.892410853969,28.9163080361799,0.06840894633082636,7.570922748091195,1.7387518042184698,0.0026801505595114026,38.2970716853799
76,risk,11,12671.757217836863,43.50636644790656,0.0714529134873516,27.331237383193635,3.753757528948992,0.004695229106667162,74.66750950264321
77,latency,11,11525.863754288572,35.345982179818286,0.07613206023271538,7.99645455151458,4.245860645237786,0.003258723814888554,47.667688160618255
78,baseline,15,16056.244571086572,53.52081523695524,0.03147031856096816,4.531527098972479,7.16059899470121,0.0015928293865011748,65.24600447857638
79,latency,10,12248.250806451473,37.561302473117856,0.05673250300145448,5.240845331047007,12.260142348136299,0.0022075249794719976,55.12123018028209
80,risk,15,18809.743684111454,64.580119982116,0.03433325495598033,11.34728585275962,8.091494996803185,0.002968480264027743,84.05620256689883
81,latency,4,5579.456664123085,17.110333769977462,0.033230111143421406,6.979796675108132,2.8443349416619004,0.004075150961664718,26.97177064885258
82,risk,13,16205.327183220983,55.63828999572538,0.04479107636722853,11.251391667881911,5.797897165139166,0.003983915883389118,72.73635382099708
83,baseline,13,14301.82505028484,47.67275016761614,0.08198447624631121,13.0349251614032,4.430699943507869,0.003143336851155098,65.22350308562467
84,baseline,9,10494.665540950842,34.98221846983614,0.02551757372274123,14.13844105450868,7.058056967764483,0.0033126994343187816,56.20754676526637
85,baseline,4,4569.464008950829,15.231546696502766,0.065555247784881,5.486647913186247,6.226433644403418,0.0035212614243932535,27.013704763301703
86,baseline,14,19518.114553372656,65.06038184457552,0.029438017182466414,10.302525609196435,4.640913937424218,0.0032484053426754056,80.03650781372131
87,baseline,4,4689.083416254568,15.630278054181893,0.06501634663474669,4.647942291608903,5.115305384590345,0.0026657788430637422,25.461207855858948
88,latency,10,14131.031012017389,43.335161770186666,0.09726164980497119,5.91266381633874,3.903642419082494,0.002352318086291873,53.25108197349917
89,risk,10,11774.224712603012,40.424838179937005,0.07887026430768422,8.954258498529232,6.632386627301865,0.0028346791869038436,56.09318824926269
90,latency,2,2417.443144591312,7.413492310080024,0.06940105939265034,6.658386296031348,3.542352640010423,0.0016930953594498299,17.685325400873896
91,baseline,4,5066.105219331215,16.887017397770716,0.06000563328833857,14.717423022703816,1.885030531404557,0.0028852158736392096,33.552361801041066
92,baseline,9,10968.670072431749,36.56223357477249,0.04267689895676644,12.299192439049126,5.074051699333969,0.004799920354512309,53.98295453246687
93,risk,12,16794.188791239445,57.66004818325543,0.06790495687352621,6.1211203303845245,2.71937827465057,0.002129467509490675,66.57058121267353
94,latency,8,10731.9367631856,32.91127274043584,0.05785214560376483,7.694745323081388,6.652028007111803,0.003994434657436201,47.31989265089023
95,risk,2,2625.6129081567024,9.014604318004677,0.0784426592675152,9.453894228774447,10.924583842955496,0.004102002878355774,29.47562705188049
96,baseline,12,13684.89942866559,45.6163314288853,0.07790108506145857,9.514637174610336,3.0687729186365917,0.00261483093100967,58.28025743812469
97,latency,14,16123.34974119649,49.4449392063359,0.09150528156520932,8.026632129347753,8.054466685088975,0.0038212753144937317,65.62136457765234
98,baseline,10,13070.769929192764,43.569233097309215,0.09801413756232426,9.53982017494235,7.688162838559435,0.0027482963409342772,60.897978544714256
99,risk,4,4660.148017172812,15.999841525626655,0.04698252485877797,4.2854004675849175,6.829079916358306,0.004172908506818951,27.16547734293548
100,risk,3,3390.8872113109705,11.642046092167664,0.05991483908425887,14.641250728666398,7.53706039368511,0.00319120386174304,33.88346325746518
101,latency,15,17971.188067915926,55.11164340827551,0.08111729395734596,6.61625703701012,5.237092140862845,0.0038745893214194665,67.04998446942724
102,risk,15,21564.161635407494,74.03695494823239,0.09039902365544958,18.122120607120372,5.573687258185176,0.0021345568262285584,97.82529639401963
103,risk,15,17640.221718127654,60.564761232238276,0.03867066318909862,11.388571814703825,4.001908622023955,0.002728929858948902,75.99664126201411
104,latency,12,16659.494600847065,51.089116775931004,0.054057934062611564,8.614261264401739,3.860522656214263,0.0047656769159598435,63.62272430752558
105,latency,11,12092.008893774379,37.08216060757476,0.04213394352952512,9.111152599722637,5.520946846748423,0.003493407853692409,51.75988740542903
106,risk,7,9137.578970038285,31.372354463798114,0.03897854145821204,12.325078559977989,6.3166604952632275,0.005,50.05807206049755
107,latency,11,12770.850542751281,39.16394166443727,0.049893162147307685,7.591254832537545,6.026517234576437,0.0037557138793212802,52.83536260757788
108,baseline,2,2166.1411307833555,7.220470435944518,0.0798679316122641,6.3924545831925155,9.169108041293669,0.003187307565530879,22.865088299608498
109,baseline,12,16252.789298344702,54.17596432781567,0.036183566434129115,8.420040571696559,3.637727057997059,0.0026245914723586907,66.27254011541577
110,risk,10,11859.19017617822,40.71655293821188,0.07811167695502447,15.5992995940931,4.2465961183382746,0.0029460033603739945,60.64350633095865
111,latency,7,9589.157166381088,29.406748643568676,0.04923190158974767,8.83555551417649,6.026957320203191,0.0048300045925118214,44.323323384130624
112,baseline,5,6193.997071448812,20.64665690482937,0.046770700544813706,11.13225480877523,6.954086479775688,0.0029554993808941516,38.782724393306
113,baseline,15,17555.6864298667,58.51895476622233,0.07996797761948922,16.052499460698435,10.520148636501425,0.0019458573688080222,85.17351669841048
114,baseline,5,5841.833992542165,19.47277997514055,0.1371297117656884,6.893315441558032,9.352292374579552,0.002188850991930935,35.857706354035756
115,risk,10,12303.819156217212,42.243112436345754,0.06116324468997271,10.694435358426418,5.44329886563598,0.003938502128351834,58.445948407226474
116,risk,7,8908.212117237035,30.584861602513822,0.06400616288176832,9.834863193259787,7.644802916511621,0.003606728652795889,48.1321406038198
117,latency,2,2411.9800312440566,7.3967387624817755,0.03522250692555535,4.025451414110629,4.5526859927284775,0.002947105952754646,16.01304578219919
118,baseline,10,14427.076719034969,48.09025573011656,0.05044008591513689,8.106189680190338,4.0835790224453605,0.005,60.3354645186674
119,baseline,5,6145.693036430262,20.48564345476754,0.06342930903349488,11.315172646949465,3.2985537559308056,0.0028924406076393586,35.16569160728894
120,risk,12,15310.066393509598,52.56456128438296,0.10080181099134267,5.939729028287589,3.3927059488903653,0.0036717299192523234,62.00146980247151
121,baseline,6,6743.162590937119,22.477208636457064,0.04406873982927636,11.558333318406213,8.151329658387453,0.0034800073305563473,42.23442036041057
122,risk,8,7866.541941157464,27.008460664640626,0.049211456967099367,14.403151725860754,5.946621327577587,0.0048353233433186755,47.41228049838939
123,baseline,9,10681.406992031372,35.60468997343791,0.09608085506586622,7.457452486279877,3.2610897431415102,0.0026549257753212814,46.42196798370048
124,latency,7,8354.89496610465,25.62167789605426,0.06564767868376989,17.70193062372663,4.315376170030253,0.0034921646543684534,47.70812453314928
125,latency,6,7249.466378383296,22.231696893708772,0.029421333646161705,14.28434016511701,2.926350884791288,0.002792003383985197,39.47460128064722
126,baseline,2,2277.4924771391275,7.591641590463758,0.0737877299092659,10.359478856715821,9.301431366696942,0.0036575790995933668,27.32999712288538
127,risk,4,4804.971595860552,16.497069145787894,0.06369211393572409,10.09830197659162,3.508642052951705,0.00276268265560014,30.170467971922537
128,baseline,4,4236.116602430294,14.120388674767648,0.07535382649879008,7.5285481993467975,3.318932856040012,0.003148368702465574,25.04637192535571
129,latency,4,4893.950118820967,15.00811369771763,0.044564258157320444,12.708425019402789,4.227080023377349,0.0030734928122083446,31.991256491467293
130,latency,8,7673.332949920165,23.531554379755175,0.0638802299079661,7.452866966154265,5.832784450116149,0.003896564446893026,36.884982590380446
131,risk,8,7901.681051908752,27.129104944886716,0.09910944993371457,4.721909528627691,2.6215332560838394,0.005,34.57665717953196
132,latency,13,14547.207813458297,44.611437294605444,0.07152177988601803,6.716536206732885,3.1981767939573693,0.003952641579337071,54.60162471676106
133,latency,9,12412.043531509333,38.063600163295284,0.029051817045938504,10.145156130702896,4.081271433790047,0.0030454625587394823,52.322125007392906
134,latency,5,6248.066860065159,19.160738370866486,0.017512601102006125,7.210601715467533,6.164339237724269,0.003896324513292165,32.55708824967358
135,latency,3,3769.1869653832955,11.55884002717544,0.06328699153805724,6.012932004683299,6.438952715562115,0.0038993505193804226,24.077911089478288
136,latency,10,12844.939832279433,39.39114881899026,0.04082395038196398,6.720152451015296,5.747588496135726,0.00330162847989618,51.90301534500314
137,latency,4,5464.513433312876,16.75784119549282,0.04265353560192059,8.324779012204184,6.653255355513093,0.0027504969763319626,31.78127959578835
138,baseline,8,9092.016465819168,30.306721552730565,0.05808372069158128,17.07643911812044,3.456761160400314,0.003792270331213225,50.901797822274105
139,risk,3,3875.630319818069,13.306330764708703,0.07117968745262557,5.514470270602576,4.178775534480361,0.004456037556939241,23.075212294801204
140,latency,11,14516.699326931437,44.517877935923075,0.03584214428062032,6.2414143900614665,6.500840993417556,0.004262342240012364,57.30023780592273
141,risk,2,2169.3874081497943,7.448230101314294,0.0679450771277011,8.577717296400229,2.9540911348246075,0.004102182731619767,19.052085792398454
142,risk,5,6431.545886143544,22.0816408757595,0.04224641975725916,7.900714726359997,5.643014334832603,0.0042222853993281505,35.67183864210869
143,latency,4,5412.926499121179,16.59964126397162,0.0387481661773407,7.902414415255232,4.274799857149114,0.0022264150052224547,28.817830117558533
144,risk,3,3929.02858633287,13.489664813076187,0.08121713772234455,14.858502291191177,4.018807819878121,0.004464975369759481,32.452657037237586
145,latency,13,17348.955377086648,53.203463156399046,0.05291524021388206,15.54753360807873,7.7304651487178875,0.0028908414707016277,76.53726799488024
146,latency,2,2065.888262955749,6.335390673064296,0.04193339017705543,7.313837087129502,5.383167208413334,0.003124852579488455,19.077453211363675
147,risk,15,18152.421099954532,62.32331244317722,0.058413016686240195,7.870472118193209,3.808348033341865,0.0032101987352527446,74.06375581013378
148,risk,7,8164.74790485459,28.03230114000076,0.03278170396017899,14.284135290787393,7.069527024452349,0.002800785937390325,49.42154594513807
149,baseline,9,11377.907032371404,37.926356774571346,0.042524827301120206,6.843813584283379,4.1911684790165555,0.0035479377124969097,49.0074116028849
150,baseline,7,8753.948037607679,29.179826792025597,0.07821114187776947,9.877059273969818,4.727422982644085,0.002456572296068117,43.86497676281334
151,risk,14,16903.888558117127,58.036684049535474,0.08061026011816796,6.413134358110216,2.63898326645111,0.003961578296148735,67.1733735125111
152,risk,9,9416.559724938084,32.3301883889541,0.12136142149161525,8.23733673186553,6.659053425865145,0.0035455550152873948,47.35148552319168
153,latency,10,13231.244331293876,40.575815949301216,0.03831237483641429,10.34891100133387,2.965419684678926,0.004209146841271931,53.932668156991696
154,latency,7,7673.007418530425,23.530556083493305,0.053339907600925454,11.822798851885178,5.234772037651565,0.004191219714986111,40.645658100345955
155,latency,6,6846.156492227092,20.994879909496415,0.043230631821626196,11.602515837332414,4.299801594840573,0.003450244410307983,36.943878217901336
156,baseline,5,6527.742510539092,21.759141701796974,0.11588575895654382,11.921927509675243,7.014921744685111,0.0029993811528803063,40.81487609626675
157,latency,14,15825.404726378569,48.531241160894275,0.0949056440587799,7.6356607972084225,4.531549724911729,0.0027277854483056855,60.79608511252151
158,baseline,9,10482.100495362361,34.94033498454121,0.03129911281403034,8.750198692258683,2.6073793929322813,0.002714488716265219,46.33192667126247
159,latency,3,3926.252343249961,12.040507185966549,0.051430004373058315,17.05509567375715,10.754710952570393,0.0031412501926524968,39.904885066859805
160,baseline,13,12266.74133192005,40.889137773066835,0.06597613219444311,9.27678441808701,4.418090286255632,0.0034939173108665916,54.65348252691479
161,baseline,15,16868.050141086114,56.22683380362037,0.048166288373749665,7.82325512273259,1.9380012009428802,0.002071969452038485,66.03832838512163
162,risk,12,14464.323091596674,49.660842614481915,0.06818787394523644,7.708393523999422,4.187370073636107,0.002735004847814526,61.62752909091049
163,baseline,3,4111.527426070441,13.705091420234803,0.05565951671348622,5.463507241584429,5.02296200133452,0.004442807488876383,24.251662987356113
164,latency,11,12465.474162038228,38.227454096917235,0.05561507957104571,6.015495518265797,3.15374482526431,0.0035646732984996603,47.45587419331689
165,risk,12,14254.970128419784,48.942064107574595,0.04762682525318198,9.160842380839533,5.221869797226108,0.003536807310575931,63.37593991820399
166,risk,2,2109.027501292882,7.240994421105562,0.058882921943778165,8.189581913030533,5.695595848221447,0.003676838051164139,21.188731942352483
167,risk,10,13225.536819873023,45.40767641489738,0.07544483402343284,10.058427310797207,6.567984651154203,0.0044557711091509885,62.11398898198138
168,baseline,15,21182.304513005947,70.60768171001983,0.025359327543348107,11.055723935606148,3.5736215797854918,0.002864946859401056,85.26525149981423
169,latency,15,22398.67846065953,68.68928061268923,0.059287888734369264,7.25354122455768,4.7566727840850636,0.003297551779968888,80.76208006184632
170,latency,2,2489.995470717203,7.635986110199423,0.06390855152338237,9.27282294733231,3.858105750030728,0.004520303096522945,20.835343662182368
171,risk,10,14609.720052642188,50.160038847404834,0.04860071663129911,7.315719147922047,6.736623280267494,0.005,64.26598199222568
172,baseline,10,13073.5637149626,43.578545716542,0.09826882161488047,6.270929828003504,3.226325164926086,0.0036394726361795677,53.177709003722654
173,risk,5,5826.646140661644,20.004818416271643,0.07527692539993754,10.50026817661669,9.005709437259352,0.0025145970501284838,39.58858755259775
174,baseline,12,17265.729768218735,57.55243256072911,0.052410885463353846,7.468788718377827,4.211645182331383,0.002689985721369202,69.28796733262304
175,latency,3,3812.71236334251,11.692317914250365,0.04987235724066133,24.17337598452204,5.173367461845546,0.0021817958340625107,41.09111551369267
176,baseline,8,10065.730961654635,33.55243653884878,0.03758086894059809,9.763485385071366,6.747593793942738,0.004072839845495924,50.10516942664899
177,baseline,6,6909.749738997632,23.032499129992107,0.03914009922613876,11.237207864324075,5.731708481030266,0.003316423851609405,40.043871998424194
178,baseline,14,17290.33917725288,57.63446392417627,0.0741671652634152,7.377258857100211,5.433042221186177,0.0035970933403273765,70.52252926106642
179,risk,2,2323.259408585863,7.976523969478131,0.05298575914380273,9.131596749515069,6.593020229409394,0.002985164378142837,23.757111871924536
180,risk,12,13420.404366536639,46.07672165844247,0.049174958470657545,10.077606473435077,6.696206164213396,0.005,62.9047092545616
181,latency,14,17919.10511729753,54.95192235971243,0.06276802823210857,8.640162163830666,3.264192175250639,0.004258865156074898,66.92330359218191
182,baseline,6,7451.66158341644,24.83887194472147,0.04253015388150917,6.76319014768325,3.9124673343062293,0.0029200258837399655,35.5599796064762
183,risk,14,16267.552686332769,55.851930889742505,0.03254617749786887,9.181409640259007,6.150164267745664,0.0038223794812539524,71.2198733547263
184,risk,14,20286.690558959788,69.65097091909527,0.03203981632211023,7.6370986087483965,6.998976959839278,0.004019501810279818,84.32310580581535
185,baseline,15,20026.051650488942,66.75350550162982,0.05396593975035877,5.480749908188793,3.4652476686011786,0.0030584925920136125,75.75652751076217
186,risk,8,10524.268160422054,36.13332068411572,0.08144594315910339,11.115427370737667,3.80361491315834,0.002780710974772079,51.13658962214561
187,latency,6,7266.475894136622,22.28385940868564,0.05725911842943454,7.952543619392987,5.4209599002386675,0.002949509517461518,35.71757155626419
188,risk,8,10238.977878880976,35.15382405082468,0.06216553895087185,6.346975060825338,4.301918719864121,0.003789810333071451,45.86867318079808
189,baseline,12,14662.388922904405,48.87462974301469,0.09891272755214331,8.297975557383527,6.047812793931688,0.003018814755379784,63.32234963663742
190,latency,12,16369.023164692408,50.19833770505672,0.05274104960763116,17.3415027038356,3.8746217931027576,0.003166668323618067,71.47036991992633
191,baseline,14,19959.370743805364,66.53123581268456,0.092707592194241,11.17988140667975,8.473502693291676,0.0031844435570478205,86.28051194840728
192,baseline,12,11531.88362879579,38.439612095985964,0.05147331050396139,6.959172938891455,7.599783191490894,0.002817255647814072,53.052858792520084
193,baseline,14,20108.2634684613,67.027544894871,0.04493932801695291,12.151320183842847,2.885773605411558,0.002918748951373017,82.11249676109372
194,latency,7,7570.376063605083,23.215819928388925,0.051655580441234104,11.429430049934282,6.748684649772517,0.0024997272223895254,41.44808993575935
195,baseline,13,17306.22480697171,57.68741602323903,0.07638300151153084,8.162402934406822,7.348926435234464,0.003104344031664212,73.27823273842351
196,risk,2,2698.461572308246,9.26471806492498,0.05849034222020481,12.118289170734643,3.7069065626118496,0.0038631771606756097,25.152267317652353
197,risk,12,14952.57846729043,51.33718607103048,0.0432801724556179,10.030258534418182,4.677123823227257,0.0028176047487720995,66.09066620588031
198,risk,15,16357.546278948295,56.16090889105582,0.05937821210181711,10.103541458364989,3.5119277170425827,0.0029817661275831566,69.8387380446928
199,risk,8,9704.138341944048,33.31754164067457,0.1053192420581118,7.8291765810200165,3.975668178274472,0.0030546267539012634,45.23076026878107
200,latency,13,17182.432221069692,52.692792144613726,0.09947824779881309,9.518516706463673,4.644271177106083,0.003062151543641565,66.95812042752594
201,risk,2,2354.768509097719,8.084705214568835,0.05859672970734573,16.421208611465104,6.693373514772277,0.0039040377778064204,31.26178810829137
202,risk,10,12857.366961277283,44.14362656705201,0.15678289390009467,17.330670547561457,5.762034055277624,0.0037582846634682692,67.39687234845465
203,risk,15,17407.89800646234,59.767116488854036,0.050464701078260434,8.015085204636772,4.487672439472656,0.00392096281459231,72.32425979685632
204,latency,10,8843.507303892284,27.12008906526967,0.06748261951745499,7.195317308791052,5.402650400517328,0.003805805704389009,39.7893451997999
205,risk,5,5250.394698590617,18.026355131827785,0.08861844622627289,12.186721158018925,4.571602777658002,0.0030862654942680487,34.87638377922525
206,latency,2,2485.8915805276947,7.623400846951599,0.05243025520487011,5.102144137145158,7.045437785383846,0.003143711151480548,19.826556735836952
207,baseline,2,2355.4360429921617,7.851453476640539,0.06541156743100154,8.024168711827988,3.2251552652569915,0.0036462993250053104,19.169835320481525
208,latency,14,17275.796344477116,52.97910878972983,0.05081614247282421,8.991949268453073,3.5319280970007694,0.0023454057858984224,65.5561477034424
209,baseline,14,17383.06339614753,57.94354465382511,0.06884098697894803,9.363778783254912,6.618525569707249,0.003058753112077932,73.99774874687829
210,risk,7,9595.713939292113,32.945284524902924,0.07010226457387612,14.56452339477156,3.496146820245132,0.002937789752788618,51.07899479424628
211,latency,12,15748.082756590044,48.2941204535428,0.08581288394662068,14.064089902468181,6.810856096006958,0.001700833661670836,69.25658016962625
212,latency,11,11942.01519681972,36.62217993691381,0.07184133574439673,11.104476792438957,7.133453224759385,0.0032470286499903574,54.93519831850654
213,risk,10,12066.431704421573,41.428082185180735,0.03152370565413802,8.873771623743655,4.602912529980763,0.0012315602559861553,54.93752160481528
214,latency,4,5634.111954470806,17.277943327043804,0.05192415979283844,14.706624392634593,2.556321676651785,0.002361215920088207,34.59517477204311
215,risk,5,5946.946691137674,20.417850306239348,0.09075153265871928,6.198550568754154,3.552797203076908,0.0024348086827479546,30.262384419411877
216,latency,15,17730.167506932285,54.372513687925675,0.09276549531161825,12.416508946958267,2.156126704577723,0.0026843133243696633,69.04059914809766
217,baseline,7,7386.819741465693,24.62273247155231,0.13168919677020785,6.6032613075660755,7.3270820867332,0.0030836248109532573,38.68784868743275
218,baseline,7,9636.173737539757,32.12057912513252,0.038623840558423515,14.8710872246704,6.964591943079732,0.004699812066295101,53.999581945507366
219,latency,9,10781.775710467924,33.0641121787683,0.07445686147083146,7.285698490018222,3.228245735584529,0.003921440975583715,43.65643470681746
220,risk,9,8945.399227939552,30.71253734925913,0.049194515862467404,10.520258487880454,5.2031794192972685,0.002535336722889483,46.48770510902221
221,latency,11,13348.944726948575,40.93676382930897,0.06484567390109124,11.587899357559246,4.942308369082796,0.0029474243343302242,57.53476465418643
222,latency,12,13544.628233901609,41.53685991729827,0.07118538487206691,10.623068159322903,4.211811632756234,0.0032626129176384364,56.44618770716711
223,latency,10,13614.489840955437,41.751102178930005,0.04632823615817731,5.925541695975552,6.814872091360796,0.0031978931034326893,54.54104209552796
224,latency,6,6151.231885708214,18.863777782838522,0.05576225089055779,10.424399196355,8.358670445510882,0.002385584228410521,37.70499525982338
225,risk,4,4968.4594950299725,17.058377599602906,0.06120056209713317,10.034522459141039,6.000479185761976,0.0025843154897895186,33.157164122092844
226,risk,9,10092.916110119026,34.65234531140866,0.05936205785566475,7.721042002114575,2.545332116336838,0.0025225339413557767,44.980604021657086
227,baseline,4,4452.687272313663,14.842290907712208,0.05148335821202204,8.9865628306199,4.768515815741282,0.003914377018835662,28.652767289304247
228,baseline,10,10504.483382378092,35.01494460792697,0.06383909594265734,11.281830694876293,8.778063635141194,0.0028632210111049026,55.141541254898215
229,risk,6,8219.330055884944,28.21969985853831,0.0681608902830827,6.889326720085831,3.6579767706768735,0.0032536566090547955,38.83841789619315
230,latency,10,11588.590853468151,35.538345283968994,0.07360179798482452,15.197177518403143,6.2906408423191165,0.0034307751731935177,57.103196217849266
231,latency,11,13265.825882187963,40.68186603870976,0.057306314098222615,11.375876268597114,2.8887459582846837,0.0024824008825327045,55.006276980572316
232,risk,2,2456.904799840641,8.435373146119534,0.05721460351005768,11.039079296392066,6.200604661118937,0.005,25.737271707140597
233,baseline,12,15195.756085436973,50.652520284789915,0.06447923167847841,14.89856976570814,2.783419620713285,0.0034027756039850202,68.40239167849381
234,latency,14,17247.720351236614,52.89300907712562,0.041914651932137385,8.359364074364183,9.64342072252359,0.002540053667446943,70.94024857961297
235,latency,6,7269.541901973679,22.293261832719285,0.07238031904684064,5.612368703023381,5.964830586839767,0.004784741773643931,33.94762618340291
236,latency,2,2652.5380860389014,8.1344501305193,0.0662448042047585,13.34465450866363,6.494448903054489,0.005,28.044798346442178
237,risk,7,8621.05240996439,29.598946607544406,0.06512394268090943,10.282885754728872,4.611769291733843,0.002347030850550248,44.56107262753858
238,latency,13,14356.447411624822,44.0264387289828,0.06944351839328376,8.238820770255833,2.7964782618345168,0.004019808805681351,55.13520108827211
239,risk,4,4543.537751019368,15.599479611833168,0.09489169953183074,8.353038198703253,3.798250626718233,0.003351364086923993,27.849011500873406
240,baseline,13,14918.174371984864,49.72724790661621,0.05663361712754437,21.297610407482825,5.484120404418193,0.004498759448517494,76.5701110950933
241,risk,14,15948.962514139394,54.75810463187859,0.04227836994266439,8.452275089958084,3.987214920659382,0.005,67.24487301243872
242,baseline,11,13743.013145571873,45.81004381857291,0.05030939230123527,10.398469520858546,2.825845393507089,0.0022789078728366404,59.086947033112615
243,latency,15,16165.657519369981,49.57468305940127,0.06639208017507545,9.668358255217024,4.982668495425145,0.0029943321460377216,64.29509622236455
244,risk,5,6877.2513799093595,23.61189640435547,0.06204641774800078,5.988799992633469,5.916722638535043,0.004374343808280369,35.58383979708026
245,baseline,8,9525.799427375367,31.752664757917888,0.06587741869351556,9.95601485441455,6.791323612057861,0.0036261314859124772,48.56950677456972
246,baseline,9,10709.94483010309,35.69981610034363,0.05765204953376827,15.533118684519842,4.292353666130656,0.0034270103885873865,55.58636751091649
247,risk,15,19207.145201975964,65.94453186011748,0.040347771012068254,8.33909791996139,3.9969427386086847,0.002733468875100483,78.32365375857472
248,latency,9,11036.0102388108,33.84376473235312,0.04089450981774484,15.193357433816239,5.803724937791963,0.004516539551662713,54.886258153330736
249,baseline,6,7037.505436890508,23.45835145630169,0.06528627942881826,4.6225800768823415,8.201555616820858,0.003251867040582097,36.35102529647428
250,risk,6,7079.430231415226,24.30604379452561,0.04204002911050119,9.10743003951378,5.6170516381447495,0.0035530983835582526,39.076118599678196
251,baseline,3,3804.423944014691,12.681413146715636,0.05150262115601395,5.84187581260108,3.3563787111309535,0.0026393832813391875,21.933809674885023
252,latency,9,9624.44073750719,29.514951595022055,0.04265212794408799,8.304206170640903,4.75357173024948,0.003257597537743177,42.61863922139427
253,latency,12,16575.86147865613,50.8326418678788,0.06955588820472221,4.939760544425704,5.931735501095756,0.003711874982095076,61.77740567658708
254,latency,3,3616.977076983826,11.092063036083735,0.07922292496460576,8.966001860570294,6.30335104827595,0.002562185131471066,26.443201055026055
255,latency,13,15809.481356652364,48.48240949373392,0.08143983349252118,7.57551570194547,3.793314136272814,0.0032846410882949486,59.93596380653302
256,risk,14,17363.04417296657,59.61311832718523,0.04127025420480289,7.091271845480521,4.775232969830313,0.00250813968548782,71.52340153638636
257,risk,7,7023.133701045772,24.11275904025715,0.05311961580799858,7.913221454113429,5.558177714229727,0.004370032745888531,37.64164785715419
258,latency,10,11407.692338776229,34.98358983891377,0.08361404774382503,16.324112673404688,4.053606530703304,0.003374738688578507,55.44829782945416
259,latency,6,7315.866806837712,22.435324874302317,0.1368471671434072,12.23379640373363,8.618912107585952,0.005,43.429880552765304
260,baseline,8,10287.617155777043,34.292057185923476,0.08244249379789295,9.908359176560264,6.729299071451618,0.003454573854376248,51.01561250158763
261,risk,8,9593.731276100289,32.93847738127766,0.07690281960609319,6.220173327248911,3.7597261922033196,0.0034646957702128747,42.998744416106184
262,baseline,2,2361.1170966555296,7.870390322185098,0.058296565117676155,10.491827538941875,2.7025767040215247,0.002507839210010257,21.125598969476187
263,risk,9,12344.227963994728,42.381849343048565,0.07407481126482827,7.858284918561941,5.881175105475267,0.003691204621832261,56.19907538297243
264,baseline,6,7603.796581544849,25.345988605149497,0.06856276210942418,6.141574850981266,4.36674553538787,0.003594022913433337,35.92646577654149
265,latency,10,11770.094190925924,36.094955518839505,0.044546348385071335,5.732760909844651,2.5822391557385167,0.0035279419887106894,44.45802987479645
266,latency,15,16976.73884951235,52.06199913850454,0.06172895738007026,7.4325722623610995,7.881027022159888,0.0025131248290177215,67.43984050523461
267,baseline,13,16198.150885107603,53.99383628369201,0.07683289571893334,7.45304106501029,4.383878487270092,0.004713453761871673,65.9123021854532
268,latency,7,9315.44561084059,28.56736653991115,0.05432243677971151,6.554028225097757,3.8703293638172105,0.00316812400528057,39.049214689611105
269,latency,14,18114.86531309709,55.552253626831074,0.0361783682092155,8.00175760793774,4.234991433801176,0.005,67.8301810367792
270,baseline,4,4686.722275196523,15.622407583988407,0.059145045722562864,8.790540105204048,4.126869096030265,0.00328226857880943,28.602244099524093
271,latency,4,4982.364546546351,15.279251276075478,0.047262857585647994,5.251351685995961,7.504483525803011,0.0029282279048306395,28.08527757336493
272,latency,2,2497.638708751904,7.659425373505839,0.07942155946630046,12.181240752610076,2.4394511427594874,0.0025184346564455645,22.36205726299815
273,risk,2,2602.732355887667,8.936047755214325,0.03777610144471876,8.008745827036414,4.076266178317858,0.00396848234267503,21.062804344355992
274,latency,14,17194.728864014887,52.730501849645655,0.06917916168707312,9.993597430594141,5.463201913616434,0.002459620038316857,68.25893997558163
275,risk,14,21458.595316054496,73.67451058512044,0.07810790115292103,16.52912118867847,4.068556669700143,0.004653497018409579,94.35494984167039
276,risk,13,15309.810290019812,52.56368199573469,0.04801123084234405,9.595023566121741,4.207349127060195,0.0027448704113795116,66.41681079017035
277,baseline,6,7449.500856041492,24.83166952013831,0.05626023044804139,11.03456315678012,5.734020002804883,0.0030313464426847485,41.65954425661404
278,latency,13,15347.311218810559,47.065087737685715,0.06351071626432028,11.099642788860486,4.891141426635958,0.0031854316374929957,63.12256810108397
279,baseline,15,20979.550755886317,69.93183585295438,0.06035799670896457,16.662456064632032,3.407958926321322,0.003361928823139025,90.06597076943983
280,baseline,7,8126.208151332905,27.087360504443016,0.06066170175574861,17.48810284395952,8.585336542584704,0.004361218641668707,53.22582281138466
281,baseline,10,11737.210022518668,39.12403340839556,0.049364273588157065,9.236134220842983,3.377522508616069,0.002724340302414402,51.78977875174518
282,baseline,13,14898.121364941817,49.66040454980605,0.10594490263337536,10.11524807097944,6.792327575527569,0.003935492524074215,66.67786059147052
283,baseline,3,3156.934177895403,10.523113926318011,0.06522558628842617,10.80990496793384,4.496092376536049,0.003387131008007161,25.897723988084334
284,risk,10,11264.140198657995,38.67354801539245,0.048247632295284504,3.817077892987711,4.3478192611703514,0.004177185633147554,46.89086998747894
285,latency,9,10006.359269898081,30.68616842768745,0.08413027040302008,18.253780013212875,5.9454831255555245,0.003260906123441617,54.972822742982316
286,risk,3,3979.477621490835,13.662873167118534,0.07151220149812051,11.56244879870161,8.521177050329515,0.001776289019754749,33.81978750666753
287,risk,15,18840.344104165186,64.68518142430047,0.12295138936224495,5.745938476994957,6.78484782433609,0.003317445142736882,77.3422365601365
288,latency,6,8735.047163371455,26.787477967672462,0.02960482495617531,8.184114917980775,6.212930510471276,0.0026870856146589896,41.216815306695345
289,latency,9,10513.519511174078,32.24145983426717,0.0715064539970706,7.18185923615244,7.440323933647104,0.0026339312989309867,46.93778338936272
290,baseline,11,14856.064336872954,49.52021445624318,0.05862486609361569,4.250324339964695,4.061719095187172,0.0035926312756145032,57.89447538876428
291,latency,11,11312.415857396825,34.69140862935027,0.11638958031787806,9.9105323026438,5.718097615651513,0.0036697439040501577,50.440097871867515
292,latency,12,13681.362437718104,41.956178142335524,0.0638948574603909,5.8573081474829785,4.665421062831938,0.0021793565627104983,52.54498156667355
293,baseline,9,10245.4455156074,34.15148505202466,0.07377077287200325,10.820827897419974,4.045266036002765,0.002052433025591089,49.09340219134499
294,risk,8,11263.5532095614,38.67153268616081,0.0606344218004597,4.000785089784333,6.273079843548085,0.0025593775297285118,49.008591418823414
295,baseline,4,5496.53932780204,18.321797759340132,0.06783986795043502,8.01749959683061,2.5098168443231264,0.0015319576327423338,28.918486026077048
296,baseline,4,4582.832380222001,15.276107934073337,0.04769050436859303,8.356103736554827,8.685976925805214,0.0045232762132008135,32.37040237701517
297,latency,10,14057.59123739714,43.109946461351235,0.14591079908629442,7.290009723309231,4.935346924766497,0.005,55.486213908513264
298,risk,11,11970.984573960784,41.1003803705987,0.029594425343050408,13.34345334761498,3.3723281318400495,0.003316532391904065,57.84907280778869
299,latency,3,4045.4948377811306,12.406184169195468,0.06247746961019345,4.022474386170881,4.351556477103351,0.003432890271285117,20.846125392351176
300,risk,12,12438.43548913765,42.7052951793726,0.06159972916000504,5.071787137387139,5.151117569390389,0.005,52.994799615310136
301,risk,14,17420.90756750778,59.811782648443376,0.055385123244234766,8.992690598113194,6.857819193807554,0.0036420049514787976,75.72131956855984
302,baseline,15,18903.934536674882,63.01311512224961,0.040736448346325206,12.816908024344984,2.6012123455539973,0.002880267182128666,78.47485220767706
303,latency,2,2469.394305092441,7.572809202283486,0.03901781452322195,17.705888350904512,4.050068547063894,0.004846466944674969,29.372630381719787
304,baseline,3,3889.9675330735645,12.966558443578549,0.05675310402383851,31.225242379539992,4.847161995866288,0.004074310009234107,49.099790233017906
305,risk,10,12241.49291727705,42.0291256826512,0.0384989316946834,17.15588844013719,6.199496813495177,0.002389754802110472,65.42539962278036
306,baseline,12,14778.194247731175,49.26064749243725,0.038016973521785014,11.00005170436841,3.486205255182271,0.0028037910740071645,63.78772521658372
307,baseline,15,22380.792786314276,74.60264262104758,0.05426241564085905,7.426701605501337,3.9396350440994063,0.004214667834536312,86.02745635412371
308,latency,2,2669.5721492770467,8.18668792444961,0.07244998023349425,7.530180856704272,4.41828283387494,0.0032343161098710364,20.21083591137219
309,risk,15,15461.768071716682,53.08540371289394,0.08039851019369744,8.536302084317896,8.302645768969976,0.002818964054687382,70.0075690404302
310,latency,5,6093.642060817979,18.687168986508468,0.06282838427087664,11.18406210924468,4.57546529870129,0.004250475540917377,34.51377525426623
311,baseline,7,7771.961173301285,25.906537244337617,0.08748127385071353,10.641142439722964,5.913897995141101,0.0033588836004095047,42.55241783665281
312,risk,7,8991.127905366735,30.869539141759127,0.11581511801798915,7.236952770201693,5.345379606914606,0.0035754807120739153,43.571262117605485
313,baseline,13,13840.82776373341,46.136092545778034,0.04969806712755882,8.901728690016524,5.141286236223859,0.00320297403114318,60.23200851317712
314,baseline,6,7252.521586295257,24.175071954317524,0.09664660285786429,7.2136647814033,5.363846307713023,0.002820483985818166,36.852050130277526
315,risk,13,15949.29673768686,54.75925213272489,0.027299483617786762,3.7467979935472475,4.33215057274581,0.002367274421262812,62.867867457056995
316,latency,13,13911.206031821324,42.66103183091872,0.09107015078928621,3.532015984567672,3.0185958404423987,0.0028237743069664807,49.30553758102505
317,baseline,8,9025.79148990316,30.085971633010534,0.048790966521903206,10.661996131841084,5.050352813721816,0.002943701251554226,45.85005524634689
318,risk,2,2850.346260107622,9.786188826369502,0.054750844140275715,8.793479056870435,7.208646345277664,0.0028137631058334266,25.845878835763713
319,latency,15,14785.115132550041,45.341019739820126,0.06353745191030467,11.647013960941774,4.0371678467833805,0.004092075572125666,61.09283107502772
320,latency,13,14734.725781807014,45.186492397541514,0.05949946064953843,9.682175770436531,1.9377147749786028,0.0034617432148528185,56.869344146821035
321,baseline,14,16884.582812457556,56.28194270819186,0.06094032215243762,8.630126041155597,4.664104526985723,0.004217326549527504,69.64133092503515
322,baseline,9,12353.622476802746,41.178741589342486,0.028125868739684087,10.75247017003584,3.5971704448484725,0.0038687090174034646,55.56037678198389
323,risk,7,7573.791086727565,26.003349397764644,0.039763626287038514,5.777145513464744,3.4738904287388146,0.004686900830448012,35.298835867085685
324,latency,10,9970.84068820401,30.57724477715897,0.11390203061598578,11.645629380912455,5.177819817199039,0.0036538933786222994,47.518249899265065
325,latency,8,9368.85676133963,28.73116073477486,0.03649692268183044,11.063739153369166,4.6497085423468265,0.0034196711517703524,44.484525024324455
326,risk,11,13146.974570716706,45.13794602612736,0.03892406851916946,5.19605259134929,3.4677092042330537,0.004602694297885072,53.845234584526764
327,baseline,4,4850.176122849688,16.16725374283229,0.10038159656429785,13.402321729195675,3.073129942868311,0.0035506194398443438,32.746637630900416
328,risk,14,17688.266304454875,60.729714311961736,0.04345287760811886,8.768261033424569,3.7206310146396304,0.0020517132111173356,73.26411095084518
329,latency,13,16266.794597712553,49.88483676631849,0.08334049644185283,8.818027182007235,4.221072019104854,0.0026535209777164333,63.00992998485015
330,latency,12,14052.759276270266,43.095128447228824,0.07725562976796427,10.251501949754099,5.5479628095575215,0.0036745659975705486,58.97552340230598
331,latency,7,8095.613255062966,24.826547315526433,0.10304601474771971,8.411772526989347,5.770917832095331,0.0033260357932961906,39.11560972515212
332,baseline,15,17681.238959837345,58.93746319945782,0.059990551956226594,11.736397334631867,2.5784797673382376,0.002991100246438349,73.31532195363059
333,latency,4,3976.8093852125485,12.195548781318482,0.056358048403492095,9.483646619952573,4.115147573661018,0.003063293922072142,25.85376431725764
334,latency,5,5280.760949076792,16.194333577168827,0.0452315783674385,6.256158042497827,10.773462254568125,0.0036221300423038023,33.27280758264452
335,latency,5,5897.939294424574,18.08701383623536,0.10222808350522877,10.639028888927971,5.843249709155833,0.005,34.67652051782439
336,latency,8,10399.434224594954,31.89159828875786,0.08987571311674737,10.851613037080876,4.796503305392332,0.003156868734573749,47.63274721308239
337,latency,9,10398.596362331504,31.889028844483278,0.10396797180366679,9.248044175363834,5.750877611169193,0.003080162279204056,46.994998765099176
338,latency,15,20576.941065617983,63.10261926789516,0.0889162490297513,6.493269134366979,11.59704571288702,0.005,81.2868503641789
339,baseline,13,15299.501584483314,50.99833861494439,0.07104298987194745,9.160369350851314,3.137341853869952,0.004744757363689747,63.371837566901284
340,latency,15,17043.7288819044,52.26743523784017,0.04978678973243872,9.69494090470696,4.301024155211577,0.003680635299298973,66.31686772279045
341,baseline,4,4821.290419648237,16.07096806549412,0.06879485605345227,4.756102377626432,5.571349472828665,0.0029868282534568887,26.47020160025613
342,latency,14,17262.69483594088,52.93893083021871,0.10279590915374615,13.973930396340172,6.531981513288947,0.003307530742868002,73.55094617974446
343,risk,2,2590.708139962754,8.894764613872123,0.03228207418958804,7.18778956806037,7.746447332897825,0.0027864126782330316,23.86407000169814
344,latency,4,5373.256124234444,16.477985447652298,0.12083188688772263,8.567460532860535,3.366697886474395,0.003313441830022151,28.53628919570497
345,latency,15,18436.964338751754,56.54002397217204,0.13405255736309823,7.493948691076454,2.9477816841824045,0.0032830990955413203,67.11909000388953
346,latency,4,4657.314094724862,14.282429890489578,0.026263120811943746,10.18036393570925,8.50136613452266,0.004254936858315224,32.99467801839175
347,latency,15,16067.251411697562,49.27290432920586,0.05140509679822076,9.328102035266133,4.413583399739853,0.00391171342915285,63.06990657443922
348,latency,10,11016.042412924337,33.7825300663013,0.04965885278808087,6.853341583091476,2.2982121535512388,0.0041273950772316974,42.98787005080933
349,latency,12,13873.787959995487,42.546283077319494,0.08609036112772628,8.202208431911426,3.5510765790321215,0.005,54.39065844939077
350,latency,2,2191.118250559253,6.719429301715041,0.054636540294547786,9.19987419016139,4.096043482257853,0.003960959745430066,20.073944474174265
351,baseline,7,10174.237708619423,33.91412569539808,0.05927950239382588,5.366518299555232,1.873167546375523,0.0036042754733152374,41.21669531919597
352,baseline,11,13267.80637703906,44.22602125679687,0.10710507130044,9.993033351302746,4.571398879483706,0.0030226900700379648,58.9005812489538
353,latency,8,9231.97076557961,28.311377014444137,0.08870135517026928,12.871354264733235,1.84248717480723,0.002440523521354254,43.11636033267622
354,baseline,11,13380.508246993748,44.60169415664583,0.07201991563380665,10.433426546808075,7.767534982840622,0.0020717068517576843,62.8767473087801
355,latency,5,6612.865940085596,20.279455549595827,0.05446174432381405,13.271063826330849,5.590007906991246,0.003602734519747857,39.19859176176148
356,baseline,5,5749.2986518739635,19.16432883957988,0.06941923755412668,6.13375936897141,6.84336448009531,0.0029394003383092383,32.21381132653903
357,latency,14,16903.537936392146,51.837516338269246,0.05646561842652513,6.623494104522855,3.6451281350934446,0.003561065672439296,62.1661652619845
358,baseline,9,12360.036472219972,41.20012157406657,0.05348533757416066,7.751781325703158,3.3212386969945027,0.002780804763033648,52.32940773910143
359,baseline,5,6375.746157928337,21.252487193094456,0.08975457939649509,8.977856476719662,12.715354800513664,0.0034498234981439934,43.03890287322242
360,risk,6,7505.724315912475,25.769653484632833,0.040056065754908034,9.852528719678304,6.5706584755461375,0.004326328024229979,42.23722307363641
361,risk,6,8198.048906778522,28.146634579939594,0.07420644747101672,7.3641369489319635,4.635437486292606,0.003962288704434096,40.22437775133961
362,risk,15,15573.58877481722,53.4693214602058,0.0531102530104707,8.146618238655732,4.100859314852814,0.0038969502933022242,65.77380621701812
363,baseline,8,9747.99941317059,32.4933313772353,0.11223596447689556,8.630356009141666,5.55136788354594,0.0037986753433917595,46.79108990974319
364,risk,11,14051.248143272851,48.24261862523679,0.040391758785044425,6.275674239014054,5.445833035635963,0.003445669338164762,60.00796332801001
365,baseline,8,10618.5792788781,35.395264262927,0.11559589552172728,3.720140537890199,4.625133758583508,0.003990096022213446,43.86012455094465
366,risk,11,14908.687324976941,51.186493149087504,0.07618058684638385,9.036696829851582,6.153243043258882,0.004409639602442375,66.45702324864679
367,latency,3,2984.802062759713,9.15339299246312,0.039456223586126646,9.605070907450418,6.6118634319043155,0.003889583773316631,25.413673139177295
368,baseline,10,13079.082269716839,43.59694089905613,0.1566103397082174,5.071655005017105,3.8726158077702832,0.0035446080114745746,52.701366659563206
369,latency,14,17897.09117373648,54.884412932791875,0.04841145262808934,8.588621198179125,6.7332394544570935,0.004654495026990688,70.25933953308318
370,baseline,10,12341.224376825096,41.137414589416984,0.10087721540656458,6.0872568548262915,8.312822242115686,0.0025900230503083884,55.640960924815836
371,risk,11,15096.79072576793,51.832314825136564,0.048350889946020374,6.913815884311092,6.33401375237744,0.0033078392413586725,65.13180319101248
372,baseline,5,5338.521270569813,17.79507090189938,0.055929755240571775,8.94501400397574,4.6131095990159725,0.0024274888467072727,31.41155174897837
373,baseline,6,7732.35081493739,25.774502716457967,0.058572121163248676,8.670744192459818,4.899102215183921,0.0031383224020512424,39.40605956766701
374,latency,2,2423.220899829863,7.4312107594782475,0.08227724326498095,9.30292885763968,6.1970358031303,0.003636718872623182,23.01708938238583
375,risk,4,4917.400016031221,16.88307338837386,0.06590837015791037,7.197550572168726,5.059500051257161,0.004166509416346785,29.210198891374002
376,risk,9,10314.516343469315,35.41317277924465,0.038960990179656166,4.909063557487461,3.4508559590396914,0.002683958881669308,43.814737244833125
377,latency,13,17714.906951336816,54.32571465076624,0.08012782254917118,8.809605939350595,3.236580657407152,0.003317574452034722,66.45534664452519
378,latency,15,18658.462889316306,57.219286193903336,0.13445346847107043,7.865547110055571,5.198408320893056,0.0033758252361772286,70.42107091855921
379,risk,8,9899.970778841569,33.989899674022716,0.07525042064739922,10.624594480468053,2.8934042378975424,0.003444825324969011,47.58659363836068
380,latency,6,6884.947089400168,21.113837740827183,0.051970302704771904,6.918822412700359,7.3336671212885545,0.0032166876588283215,35.421514265179695
381,baseline,3,4097.406094603439,13.658020315344798,0.11344132350290136,8.338322239627857,4.283584830819864,0.003395195552678279,26.396763904848093
382,risk,5,6914.80676660899,23.740836565357533,0.045072744997187685,13.377497181413391,3.518384026413105,0.003690728137524109,40.68548124631874
383,latency,14,19083.87022040214,58.52386867589989,0.06709293682913371,18.794205821420057,5.140475888213857,0.003681453558314048,82.52932477592125
384,latency,4,4979.2827170431865,15.269800332265772,0.07010007684463147,9.557312663493676,2.735199686512953,0.003220014146365424,27.6356327732634
385,latency,13,14574.589548186035,44.69540794777051,0.0576968681148579,11.358454823315876,5.227844045252666,0.004199848774635416,61.343603533228546
386,latency,13,15773.344585533314,48.37159006230216,0.04288994489143533,5.739284534116121,4.296397403859545,0.0017678012901555422,58.45192974645942
387,latency,6,5626.087512420594,17.25333503808982,0.06068860092709365,10.500696512789172,6.514507196087797,0.002320589475607172,34.33154793736949
388,baseline,12,16209.090175144913,54.03030058381638,0.11117506693263217,6.871684261232301,7.191184603778822,0.0029041217562252976,68.20724863751637
389,latency,11,12748.03012496616,39.09395904989623,0.06960195203037094,9.399130705367941,4.516596627605756,0.004618205204547868,53.08390654010484
390,baseline,5,6191.408933210236,20.638029777367453,0.07353175324727829,12.017531406964592,7.909249470617818,0.0031218621440706877,40.64146427034121
391,baseline,15,17876.86189371818,59.58953964572727,0.05740108563011844,4.62891607002709,3.1326041575234473,0.002214277770455376,67.41067523667837
392,risk,12,14357.22441790978,49.29313716815691,0.08608952817688677,6.549765784399126,8.607326047153078,0.004053451466041291,64.54037197935203
393,baseline,14,16562.439278027457,55.208130926758194,0.06008801614062939,7.6753929249091355,3.938727343010687,0.004771792884422584,66.88711100370307
394,baseline,5,6980.604013894218,23.26868004631406,0.0862937351460645,5.454484088586821,5.137383065766152,0.0033149460921109136,33.95015588190521
395,latency,7,8527.743771551195,26.151747566090336,0.04385814008169397,5.238747687318785,5.639023567616036,0.0019056843286504829,37.07528264543549
396,latency,2,2503.541857469702,7.677528362907085,0.05688715132018526,7.3184467242391325,5.117002709203065,0.004258553091243785,20.17412350076071
397,latency,4,4436.394040368913,13.604941723798,0.16311713091254493,17.79477003521945,6.5793452592443,0.0026174665574417166,38.144791615731734
398,baseline,3,3291.9824344928165,10.973274781642722,0.03560618403334078,7.651339227868376,3.879662786046249,0.002773121305279061,22.542656100895968
399,baseline,4,5814.466186818453,19.38155395606151,0.055096395340722394,15.238607709964334,3.940430841335139,0.003067463453715359,38.61875636615542
400,baseline,15,16772.28411051227,55.90761370170757,0.05316458006033264,9.681495345636222,1.8857299566812236,0.0041385630112731305,67.53214214709661
401,risk,12,15739.088898337668,54.037538550959326,0.07451988918517734,6.753374571238657,4.715196278429593,0.0037870284841202,65.58441631829687
402,baseline,5,6554.813349129119,21.8493778304304,0.056502340320277566,8.529663379627182,3.8771020467032544,0.004140296222431826,34.316785893303546
403,latency,15,15340.73275185849,47.04491377236603,0.08194238236492946,10.794421897434173,7.5525250659516745,0.003259406990181188,65.47706252510699
404,latency,6,7430.672075496746,22.78739436485669,0.06462103301622125,8.262730075692682,3.1975597245320286,0.0033385262516729894,34.31564372434929
405,baseline,7,8157.82241517735,27.1927413839245,0.07683656478862336,9.561349972877885,5.093654542126486,0.00369381194056017,41.92827627565806
406,baseline,11,13370.956408324064,44.56985469441355,0.07299690441730225,11.788700427524502,4.788862457235054,0.0029125883763079265,61.22332707196672
407,latency,3,3668.5262898868477,11.250147288986332,0.06844080274383561,13.01822792168326,5.441263129403759,0.00291348758599373,29.780992630403176
408,latency,5,7186.11931565485,22.037432568008207,0.03927931199261492,7.2302117830739885,4.530220561309499,0.0032192066487315343,33.84036343103304
409,baseline,4,5312.5762684459405,17.70858756148647,0.06119931170847958,11.61514122685204,6.80228082681082,0.0036128593051805427,36.19082178616299
410,baseline,7,8590.674938173588,28.635583127245294,0.06107455285648127,10.795999661207068,6.134103259287251,0.003254657124780528,45.63001525772087
411,risk,9,11293.169324571612,38.77321468102921,0.056430718156319976,6.641345228411497,7.804939412785672,0.0030156713678590437,53.27894571175056
412,risk,12,14133.117276725272,48.5237026500901,0.04825900532742679,9.928142432986085,4.748205540628146,0.0026916905006870336,63.25100131953245
413,risk,9,12422.025693493255,42.64895488099351,0.07003877589073604,13.376315645098108,7.961990159742462,0.004715540242960362,64.06201500196777
414,baseline,13,16634.568837796047,55.44856279265349,0.07396032718307713,4.4847811883458855,3.804565904112777,0.002926264032512846,63.81479647632774
415,baseline,6,7546.904402251241,25.156348007504135,0.044594297470664616,11.367969942139386,3.635226182495312,0.002771774093220306,40.20691020370271
416,baseline,6,8368.301428115687,27.894338093718954,0.08862013271779841,9.16975300570177,7.175635892860137,0.003241065016863495,44.33158819001552
417,latency,3,3231.175593004374,9.908938485213415,0.05363888519288206,7.540705333417702,5.669714503988945,0.0041748291107367354,23.177172036923682
418,baseline,6,6939.365194014282,23.131217313380937,0.09561373002825792,10.764632824773637,3.9660518372100064,0.0034441349523049547,37.96095984034514
419,risk,11,11757.958518033653,40.368990911915546,0.07938182496863493,8.464503753572613,3.203282272149085,0.003009336415991851,52.11916809902187
420,latency,6,8192.830914092838,25.124681469884706,0.11645725874774938,10.680296500181921,4.669815114392697,0.0025698605833080522,40.59382020379038
421,risk,5,4770.345941504254,16.37818773249794,0.05965459835256736,9.174568407724763,4.792175272918063,0.0028684506619879348,30.407454462155318
422,latency,12,12602.260186941057,38.646931239952586,0.07905027690056303,8.259820640551036,3.134888375441417,0.004205578054227701,50.124896110899826
423,latency,11,15328.806256257383,47.00833918585598,0.057543301708402,9.256311761827245,6.103944124404916,0.0034383298906570186,62.429576703687204
424,baseline,5,5883.733112243531,19.612443707478434,0.036792779715553794,9.050198041171466,4.64846119829252,0.0031687765209457756,33.35106450317892
425,latency,12,14888.31496252022,45.657499218395344,0.14791970587152942,17.07855240958281,8.963064623739328,0.003860332016646542,71.85089628960566
426,baseline,14,18708.369669760403,62.361232232534675,0.043300120846907215,6.3805014838376914,6.785841516326875,0.002765851589712022,75.57364120513586
427,latency,7,8675.761507777534,26.60566862385111,0.058209819048606816,8.2108731710419,10.37774962530573,0.004103452640682696,45.25660469188803
428,baseline,15,16360.563439926915,54.53521146642304,0.08673923740527913,10.922217614137509,5.176064606857452,0.0020236575742919568,70.72225658239759
429,latency,3,3458.1873282287697,10.605107806568228,0.05095249082533263,9.470918427412737,5.222828799688165,0.003712781969764013,25.35352030646423
430,risk,15,19421.309610301356,66.67982966203466,0.052474432094154026,9.986239299189204,4.9336435478151985,0.0031208499675633126,81.65530779110078
431,baseline,14,18989.225376594197,63.29741792198065,0.10150637177569857,14.186441761981785,3.0923630832719406,0.0031920342618763802,80.68092117327194
432,risk,8,9346.18083179151,32.08855418915085,0.0409997340310228,6.720832728852036,4.498980242207142,0.0032077050462365917,43.35257459928729
433,baseline,13,15612.95100147723,52.0431700049241,0.0639831760964152,10.385201411527072,10.797169704558538,0.0021727095542274197,73.29169700666036
434,latency,11,14457.637044591109,44.33675360341274,0.08486748509477027,7.243068021887425,6.292053654982506,0.005,57.96174276537744
435,baseline,11,12913.89551788906,43.046318392963535,0.07429659679728277,6.73079741831731,9.437395999014383,0.0025213179797489386,59.29132972507226
436,risk,10,13999.485986445892,48.064901886797564,0.05320628221018398,9.978426553063027,3.1394906481393057,0.0034686602615109662,61.23949403047159
437,risk,9,9510.939893682369,32.65422696830947,0.05010759315352852,7.477909274376145,7.0148083756908495,0.002835154314253932,47.19988736584425
438,baseline,13,16451.75197173611,54.83917323912037,0.09465340170954606,16.601986616345066,7.307093848697602,0.00394774544955548,78.84685485132214
439,baseline,3,4180.739059364618,13.935796864548726,0.1224340222149097,3.3500508492767103,7.932990171743879,0.0027759393140562826,25.344047847098278
440,risk,2,2906.7278503097077,9.979765619396664,0.045742417153290194,8.445874875265147,5.250898158655356,0.005,23.727281070470458
441,baseline,12,14233.824582249708,47.446081940832364,0.053694833378558265,5.247256660951994,6.869763031277424,0.002287314353357876,59.6190837807937
442,latency,12,14934.578030625347,45.79937262725107,0.044264544141757865,7.492319305870779,4.421713188091439,0.003435932739758888,57.76110559809481
443,latency,12,13017.41279969429,39.920065919062495,0.09241373368165486,10.014758768856554,4.619962580266843,0.0038669783257030627,54.65106798019325
444,baseline,12,14548.676818196258,48.49558939398752,0.028140559418776377,6.409234175133388,6.2034014248698695,0.0028591207832838594,61.13922467419283
445,latency,15,18382.556271362366,56.373172565511254,0.08653656204516885,18.68269423535794,2.7735727304869395,0.0024920327959260633,77.91846812619723
446,latency,12,14652.593552246955,44.93462022689067,0.07079435765508944,3.9747022099393488,5.480940099377602,0.0025156037989024866,54.46357249766162
447,baseline,4,4151.159376024896,13.837197920082987,0.10624602625876564,10.22109796713982,6.102846456212751,0.0032196274600551984,30.27060799715438
448,risk,4,5408.209251314095,18.568185096178393,0.08194416405889772,5.991798617482234,2.9993547624063126,0.0034761605269482574,27.644758800652784
449,risk,6,6138.991399698166,21.07720380563037,0.04123263402628362,7.942306497985656,3.6059576695701114,0.0037426055050211898,32.670443212717444
450,baseline,10,12165.711769994405,40.55237256664802,0.0582025120595532,11.708387040388057,3.44321061230453,0.003147387492778794,55.765320118892944
451,risk,13,16035.222924753956,55.05426537498858,0.0689720175633841,10.494502689039628,6.1364492891920515,0.0026527252824876993,71.75684209606614
452,latency,7,7657.88623988805,23.48418446899002,0.087307292348603,7.8532973595975495,4.2609955720142425,0.003296002100120361,35.689080695050535
453,baseline,15,15339.939407358921,51.133131357863064,0.056441007412990365,12.5969073000796,4.93306840919705,0.004410787316841205,68.72395886186955
454,latency,11,11964.366438006831,36.69072374322095,0.062749501624538,12.805960466787191,5.836330121138949,0.005,55.40076383277163
455,risk,14,19663.575453204496,67.5116090560021,0.03614118399098756,5.978043509772233,5.037455668623728,0.003446683204649417,78.5666961015937
456,baseline,9,10645.03794514426,35.48345981714753,0.09401768289930583,9.576398152360634,8.994079229620795,0.004808759125349098,54.15276364115361
457,baseline,7,8510.978706345675,28.369929021152252,0.08652507170104465,7.590649248038874,6.661763859567174,0.003218287092818525,42.712085487552166
458,risk,12,13420.348547954605,46.076530014644156,0.036906108945039345,6.6242069122642855,4.356635382344201,0.0036102174538102934,57.09788863565149
459,baseline,5,5705.302325289493,19.017674417631643,0.06046236431926336,7.915208998510592,8.95251092445466,0.00444670591907292,35.95030341083523
460,baseline,12,15016.036452653749,50.053454842179164,0.05714554512233217,12.563525269322321,10.556581520573781,0.0035555153053099917,73.23426269250291
461,baseline,3,3530.5701775114767,11.76856725837159,0.05814890577122718,7.627931800175635,10.670918584290364,0.003562820220306688,30.129129368829123
462,baseline,9,10471.75614651136,34.90585382170453,0.039769638347976644,8.798119231022781,5.880082152984805,0.005,49.6288248440601
463,latency,15,20958.193648449596,64.27179385524543,0.10816119396283018,10.156202769038057,7.799661350339117,0.0032008695893631345,82.33902003817481
464,baseline,14,17474.366204195627,58.24788734731875,0.08785664642076922,8.31657387800399,4.802593825178614,0.0024913137536735092,71.4574030106758
465,latency,4,5358.034446640058,16.431305636362847,0.0660444089153353,12.885635072812239,4.030201348985513,0.002978749550693718,33.416165216626624
466,latency,15,19393.53802065016,59.47351659666049,0.050539254840976454,6.384497360374721,6.061688632157214,0.0042214287445456996,71.97446327277794
467,baseline,10,13421.759789582724,44.73919929860908,0.0858818410430359,6.926564573857802,4.353498869545232,0.003505645695523554,56.108650228750676
468,baseline,13,16597.700734438247,55.32566911479416,0.11320666021931608,7.87953041372253,3.3381131261618346,0.004290262358050273,66.66080957725589
469,latency,4,4781.392160642905,14.66293595930491,0.09781655602827874,7.120301986853627,4.915512277671077,0.004686591024143083,26.801253370882037
470,latency,4,4799.501854127556,14.718472352657837,0.10314925747161983,9.568855505505924,5.959652532596433,0.0033323387111590065,30.35346198694297
471,risk,2,2062.0250058081874,7.07961918660811,0.07944949385042241,4.368089862071496,6.224555579961136,0.003227012225339827,17.754941134716507
472,baseline,13,12351.6171036269,41.17205701208967,0.03475159345921151,13.5634549285135,4.621598394211674,0.003993238094182225,59.395855166368236
473,baseline,12,14345.478767607474,47.81826255869158,0.03280733012529894,10.84126644772498,6.313832953788118,0.003765617718252843,65.00993490804824
474,risk,12,14078.020144839365,48.33453583061515,0.08494812441235368,4.384386940926706,3.7720970335432855,0.005,56.580967929497504
475,latency,9,10572.556751693624,32.422507371860455,0.041573913383356746,7.881790495246515,2.4468819175109005,0.003057379023512008,42.79581107702474
476,risk,5,6368.708577272551,21.86589944863576,0.10020068875788465,7.611362209914275,2.9065740253289993,0.003374546070735376,32.48741091870765
477,baseline,6,7229.321896443247,24.097739654810823,0.07813492613844654,17.410432445979527,4.123964305824024,0.0024891263546489057,45.712760459107464
478,baseline,14,14255.695544356358,47.518985147854536,0.0506104121533079,11.006248993879108,4.116664962144785,0.0037877066207025493,62.69629722265244
479,risk,7,8399.27487503946,28.837510404302147,0.06952766546134473,10.779729909321114,4.419449898118238,0.003386036921890961,44.10960391412473
480,baseline,8,7599.209035407779,25.330696784692595,0.06029404613628496,7.382278701626714,2.9484350535109924,0.004758761593761955,35.72646334756035
481,baseline,5,6334.94432875532,21.116481095851068,0.06278614753671759,12.538592392054298,4.933842183849069,0.0029653752939235918,38.65466719458507
482,latency,14,15562.906009892586,47.726245097003925,0.10024130905337135,7.770312210864325,9.111516610347309,0.002857750941427116,64.71117297821037
483,latency,3,3625.8281419134596,11.119206301867944,0.060693508200634814,9.681442730868193,5.029170480928656,0.003450452078479394,25.893963473943906
484,latency,15,19040.542242405965,58.39099621004497,0.05166434872677576,12.039240581936543,2.433256410771492,0.0045688368218697135,72.91972638830165
485,latency,3,3705.907783648256,11.364783869854651,0.03880241317820603,15.977190323461503,6.045635935092454,0.003525991489523686,33.42993853307634
486,risk,15,16770.730523988554,57.57950813236071,0.06950298997315096,13.568576239863496,5.373447147971947,0.0020961758347324195,76.59313068600403
487,baseline,11,13301.164449043941,44.33721483014647,0.04522434155168209,10.983574355061606,7.0425741684922345,0.005,62.413587695252
488,risk,13,15197.81681222834,52.179171055317305,0.06277212614722075,5.969010111625759,5.009651172999111,0.0017853789144608083,63.22238984500386
489,latency,7,9132.366536337613,28.00592404476868,0.06005821559230361,16.649779660668052,3.921298402658935,0.0034240920636012706,48.64048441575157
490,latency,9,10534.382354587491,32.30543922073498,0.033719952429216014,10.857309717630624,6.1974799674371495,0.0037793480754778576,49.39772820630744
491,baseline,11,10996.145134753218,36.65381711584406,0.04854290780951339,11.949096639974226,4.785787477936739,0.0033558324685245733,53.440599974033056
492,latency,8,10317.423777358375,31.640099583899016,0.105303209569426,18.212351725167593,5.50751764268919,0.0024262633341184518,55.46769842465934
493,baseline,11,13378.147687427008,44.5938256247567,0.028096691647591016,10.947222651332577,5.273640714671625,0.003287160544156316,60.846072842952644
494,baseline,14,17103.79985350045,57.01266617833484,0.04747168333838402,6.5194715141093855,3.757758112087411,0.002260186142312118,67.33962767401233
495,baseline,7,6889.442733893678,22.964809112978926,0.10768705676113952,5.536024371586116,2.244493432176953,0.0024750934318208875,30.855489066934954
496,baseline,8,8346.785681221714,27.82261893740571,0.11363313505261413,11.813703043659453,6.078918060998211,0.005,45.83387317711599
497,latency,9,10351.984238632242,31.746084998472202,0.10976938087174186,7.0373765884737915,5.626465546623999,0.0030977419121141427,44.52279425635385
498,latency,11,15127.790236639612,46.39189005902814,0.03421404613862964,8.112445736856559,6.500521161201376,0.0031744944542341923,61.04224549767894
499,risk,11,14883.814826346681,51.10109757045694,0.0748531648288637,9.066262339706611,8.27335718699568,0.0032083336942499447,68.51877859568235
500,risk,5,6087.4140063777995,20.90012142189711,0.049947490131172355,12.708123034157392,4.257253713629184,0.003548663683515188,37.918994323498374
